AS2.A1ModJulian,AS2.Hellas_Planitia_GS.X,AS2.Hellas_Planitia_GS.Y,AS2.Hellas_Planitia_GS.Z,AS2.Valles_Marineris_GS.X,AS2.Valles_Marineris_GS.Y,AS2.Valles_Marineris_GS.Z,AS2.Schiaparelli_Crater_GS.X,AS2.Schiaparelli_Crater_GS.Y,AS2.Schiaparelli_Crater_GS.Z,AS2.Mawrth_Vallis_GS.X,AS2.Mawrth_Vallis_GS.Y,AS2.Mawrth_Vallis_GS.Z,AS2.Arcadia_Planitia_GS.X,AS2.Arcadia_Planitia_GS.Y,AS2.Arcadia_Planitia_GS.Z
21545,1788.916778,-20439.17699,-5309.767187,-4523.716451,8785.708897,14680.48027,-713.4054513,-14172.87733,11541.5002,8371.331535,-2796.553572,15213.93909,-13050.68704,10630.7555,-15304.04335
21545.00069,1789.975343,-20439.41643,-5310.892402,-4523.954807,8784.534654,14681.48443,-713.3581507,-14174.26537,11540.78247,8371.435801,-2798.10059,15214.13876,-13050.37984,10632.26559,-15303.78015
21545.00256,1792.835776,-20440.04246,-5313.932904,-4524.594557,8781.350378,14684.18068,-713.2295064,-14178.00367,11538.82615,8371.708937,-2802.280689,15214.65915,-13049.53554,10636.33761,-15303.05598
21545.0068,1799.367437,-20441.3593,-5320.875571,-4526.03216,8774.01881,14690.24522,-712.9313022,-14186.47325,11534.26824,8372.286439,-2811.824555,15215.74469,-13047.5315,10645.59031,-15301.33296
21545.01442,1811.330774,-20443.37977,-5333.591103,-4528.584521,8760.380413,14701.03263,-712.3696437,-14201.75452,11525.60477,8373.183693,-2829.300894,15217.37593,-13043.59641,10662.37909,-15297.93587
21545.02264,1824.470378,-20445.04363,-5347.555995,-4531.2733,8745.103245,14712.42624,-711.7308103,-14218.20984,11515.64232,8373.941518,-2848.489687,15218.66115,-13038.89921,10680.59394,-15293.8626
21545.03094,1837.949006,-20446.17722,-5361.880301,-4533.913209,8729.124482,14723.64472,-711.052826,-14234.75066,11504.96123,8374.483903,-2868.167517,15219.45675,-13033.69351,10699.04684,-15289.33101
21545.03924,1851.639989,-20446.7608,-5376.429374,-4536.477553,8712.589423,14734.57518,-710.3416933,-14251.21615,11493.65455,8374.802033,-2888.149351,15219.74696,-13028.02208,10717.56069,-15284.37812
21545.04755,1865.497499,-20446.79009,-5391.154495,-4538.957255,8695.552175,14745.17914,-709.5996888,-14267.54981,11481.75827,8374.893898,-2908.368267,15219.52869,-13021.90232,10736.07257,-15279.01907
21545.05587,1879.485181,-20446.26343,-5406.017013,-4541.345472,8678.0566,14755.42747,-708.828687,-14283.70785,11469.30233,8374.758621,-2928.771191,15218.80105,-13015.34921,10754.53327,-15273.26696
21545.06419,1893.57053,-20445.18042,-5420.98237,-4543.636303,8660.14249,14765.29503,-708.0304027,-14299.65174,11456.31437,8374.395857,-2949.31068,15217.56425,-13008.37689,10772.8992,-15267.13417
21545.07252,1907.716961,-20443.54209,-5436.011674,-4545.82342,8641.855442,14774.75473,-707.2068275,-14315.33901,11442.82672,8373.805838,-2969.933353,15215.81988,-13001.00225,10791.12194,-15260.63554
21545.08086,1921.893674,-20441.35001,-5451.072182,-4547.901632,8623.234197,14783.78432,-706.3596629,-14330.73431,11428.86712,8372.989032,-2990.594277,15213.56991,-12993.24,10809.16098,-15253.78401
21545.08922,1936.062407,-20438.6079,-5466.123224,-4549.864863,8604.327847,14792.35764,-705.4910957,-14345.79477,11414.47149,8371.946754,-3011.237649,15210.81838,-12985.10959,10826.96675,-15246.59671
21545.09758,1950.18671,-20435.3207,-5481.126055,-4551.707614,8585.183923,14800.45091,-704.6032645,-14360.48041,11399.67519,8370.680842,-3031.810327,15207.57047,-12976.63052,10844.49257,-15239.09088
21545.10596,1964.233504,-20431.49382,-5496.045516,-4553.425079,8565.846029,14808.04327,-703.6981439,-14374.75544,11384.51102,8369.193323,-3052.264092,15203.83168,-12967.82108,10861.69644,-15231.28266
21545.11434,1978.161584,-20427.1362,-5510.83782,-4555.011735,8546.369687,14815.1106,-702.7782865,-14388.57663,11369.02164,8367.487644,-3072.538904,15199.61088,-12958.70557,10878.52697,-15223.19358
21545.12274,1991.938238,-20422.25582,-5525.468201,-4556.463376,8526.799439,14821.63444,-701.8457511,-14401.91019,11353.24162,8365.566895,-3092.587108,15194.91593,-12949.30387,10894.94371,-15214.84127
21545.13116,2005.524413,-20416.86411,-5539.895163,-4557.775375,8507.189483,14827.59432,-700.9030719,-14414.71687,11337.21376,8363.435546,-3112.351834,15189.75793,-12939.641,10910.89913,-15206.24793
21545.13958,2018.884594,-20410.97282,-5554.080972,-4558.943809,8487.589839,14832.97275,-699.9526097,-14426.96181,11320.9781,8361.098226,-3131.781378,15184.14824,-12929.74064,10926.35056,-15197.43459
21545.14802,2031.982339,-20404.59558,-5567.986909,-4559.964967,8468.052665,14837.75306,-698.9968474,-14438.61014,11304.57694,8358.560312,-3150.8227,15178.09992,-12919.62813,10941.25485,-15188.4238
21545.15648,2044.779217,-20397.74878,-5581.572154,-4560.835366,8448.634056,14841.9193,-698.0384869,-14449.62631,11288.05655,8355.828315,-3169.419896,15171.62859,-12909.33157,10955.56733,-15179.24058
21545.16494,2057.238423,-20390.44999,-5594.797612,-4561.552049,8429.388729,14845.45777,-697.0801884,-14459.97737,11271.46275,8352.90923,-3187.519442,15164.75092,-12898.87914,10969.24596,-15169.91005
21545.17342,2069.327724,-20382.71585,-5607.62905,-4562.112691,8410.365289,14848.35747,-696.1243341,-14469.63521,11254.83667,8349.809704,-3205.074479,15157.48267,-12888.29637,10982.25443,-15160.45498
21545.18191,2081.010463,-20374.56745,-5620.027541,-4562.515089,8391.620149,14850.60765,-695.1737178,-14478.56912,11238.22682,8346.538169,-3222.03174,15149.8437,-12877.61373,10994.55233,-15150.90258
21545.19041,2092.2519,-20366.02686,-5631.956201,-4562.757596,8373.207913,14852.19988,-694.231073,-14486.75126,11221.68088,8343.103484,-3238.340767,15141.85476,-12866.86154,11006.10222,-15141.27995
21545.19892,2103.019019,-20357.11718,-5643.379983,-4562.839081,8355.181593,14853.12785,-693.2990828,-14494.15644,11205.24583,8339.514927,-3253.953636,15133.53752,-12856.07003,11016.86936,-15131.61413
21545.20744,2113.279105,-20347.86358,-5654.264162,-4562.758894,8337.594943,14853.38717,-692.380496,-14500.76099,11188.97008,8335.782623,-3268.822877,15124.91548,-12845.2707,11026.82026,-15121.93332
21545.21597,2123.001834,-20338.29159,-5664.576556,-4562.516893,8320.498983,14852.9756,-691.477951,-14506.54434,11172.90029,8331.916873,-3282.904519,15116.0125,-12834.49425,11035.92476,-15112.26503
21545.22451,2132.157622,-20328.42871,-5674.285783,-4562.113472,8303.94485,14851.89304,-690.5941251,-14511.48791,11157.08404,8327.928766,-3296.155694,15106.85415,-12823.77235,11044.15451,-15102.63766
21545.23305,2140.718242,-20318.30381,-5683.361898,-4561.549557,8287.98277,14850.14158,-689.7316791,-14515.57556,11141.56886,8323.829981,-3308.535527,15097.46728,-12813.13703,11051.4835,-15093.07997
21545.2416,2148.658241,-20307.94569,-5691.777911,-4560.826548,8272.659495,14847.72536,-688.8931229,-14518.79435,11126.39981,8319.632161,-3320.007196,15087.8786,-12802.61902,11057.88942,-15083.61956
21545.25015,2155.952535,-20297.38608,-5699.507232,-4559.946529,8258.022912,14844.6512,-688.081067,-14521.13354,11111.62405,8315.348171,-3330.534446,15078.11751,-12792.25089,11063.35162,-15074.28572
21545.2587,2162.579324,-20286.6559,-5706.52676,-4558.911996,8244.116417,14840.92776,-687.2979124,-14522.58574,11097.2852,8310.990547,-3340.085809,15068.21259,-12782.06318,11067.85352,-15065.10594
21545.26726,2168.518631,-20275.78721,-5712.815336,-4557.72601,8230.981778,14836.56604,-686.5460105,-14523.14642,11083.42626,8306.572309,-3348.632491,15058.19345,-12772.08642,11071.38144,-15056.10772
21545.27581,2173.752861,-20264.81249,-5718.354336,-4556.392147,8218.65805,14831.57919,-685.8276029,-14522.81408,11070.08851,8302.106654,-3356.14918,15048.09,-12762.35035,11073.92504,-15047.31789
21545.28437,2178.267238,-20253.76315,-5723.128129,-4554.914263,8207.180253,14825.98163,-685.1447378,-14521.58992,11057.30994,8297.606365,-3362.614663,15037.93119,-12752.88274,11075.47731,-15038.76151
21545.29292,2182.048995,-20242.67123,-5727.123222,-4553.296708,8196.581265,14819.78984,-684.4993827,-14519.47786,11045.12733,8293.084486,-3368.010669,15027.74644,-12743.71092,11076.0342,-15030.46327
21545.30146,2185.086771,-20231.57233,-5730.327628,-4551.544819,8186.894147,14813.0243,-683.893573,-14516.48563,11033.57911,8288.555534,-3372.32102,15017.56846,-12734.86397,11075.59496,-15022.44951
21545.31,2187.37287,-20220.4997,-5732.733248,-4549.664103,8178.146184,14805.70635,-683.3290546,-14512.62383,11022.69866,8284.033077,-3375.534859,15007.42771,-12726.36778,11074.16278,-15014.74366
21545.31853,2188.902821,-20209.48016,-5734.335398,-4547.659309,8170.357243,14797.85453,-682.8071431,-14507.90307,11012.51141,8279.528066,-3377.645963,14997.34871,-12718.24246,11071.74257,-15007.36399
21545.32706,2189.672946,-20198.5493,-5735.130258,-4545.53715,8163.550925,14789.49517,-682.3294645,-14502.34011,11003.04918,8275.055059,-3378.649368,14987.36403,-12710.5137,11068.34384,-15000.33382
21545.33557,2189.682924,-20187.73897,-5735.117565,-4543.304158,8157.74468,14780.65407,-681.8973141,-14495.95341,10994.33787,8270.627083,-3378.544961,14977.50271,-12703.20315,11063.97905,-14993.67287
21545.34407,2188.935042,-20177.08007,-5734.299829,-4540.967141,8152.952257,14771.35832,-681.5118116,-14488.76398,10986.40039,8266.256811,-3377.33643,14967.7929,-12696.3307,11058.6638,-14987.3993
21545.35257,2187.433392,-20166.5985,-5732.681465,-4538.532191,8149.18249,14761.63221,-681.1737797,-14480.79196,10979.25407,8261.954862,-3375.030038,14958.25817,-12689.91205,11052.41403,-14981.52745
21545.36105,2185.184805,-20156.32565,-5730.269812,-4536.007025,8146.443786,14751.50666,-680.8841124,-14472.06398,10972.91828,8257.734125,-3371.636106,14948.92702,-12683.96538,11045.25159,-14976.07398
21545.36952,2182.198204,-20146.28881,-5727.074422,-4533.398888,8144.739791,14741.01083,-680.6434292,-14462.60672,10967.40732,8253.605826,-3367.167962,14939.82421,-12678.50518,11037.19946,-14971.05225
21545.37798,2178.484388,-20136.51373,-5723.106839,-4530.715041,8144.071004,14730.17404,-680.4521872,-14452.44813,10962.73264,8249.580566,-3361.641656,14930.97302,-12673.54409,11028.28248,-14966.4739
21545.38642,2174.055334,-20127.02395,-5718.37985,-4527.962493,8144.435296,14719.02471,-680.310691,-14441.61625,10958.90285,8245.668047,-3355.074929,14922.39472,-12669.09269,11018.52619,-14962.34877
21545.39485,2168.927189,-20117.84666,-5712.910683,-4525.149756,8145.827361,14707.59741,-680.2191665,-14430.14619,10955.92597,8241.879492,-3347.491645,14914.11384,-12665.16222,11007.96315,-14958.68733
21545.40327,2163.114579,-20109.00127,-5706.714931,-4522.283465,8148.239606,14695.91922,-680.1776121,-14418.06668,10953.80503,8238.222937,-3338.913368,14906.14782,-12661.75933,10996.62077,-14955.49586
21545.41167,2156.636795,-20100.51146,-5699.813151,-4519.37196,8151.660971,14684.02424,-680.1859431,-14405.41444,10952.5425,8234.708181,-3329.368508,14898.51793,-12658.89146,10984.5344,-14952.78145
21545.42007,2149.513232,-20092.39698,-5692.226005,-4516.422796,8156.078174,14671.94345,-680.2439131,-14392.22402,10952.1376,8231.343425,-3318.885589,14891.24184,-12656.56338,10971.73793,-14950.54873
21545.42844,2141.765206,-20084.67692,-5683.976187,-4513.443724,8161.475204,14659.70875,-680.351145,-14378.53179,10952.58735,8228.136602,-3307.495923,14884.33658,-12654.77853,10958.26755,-14948.80117
21545.43681,2133.413404,-20077.36737,-5675.085722,-4510.44177,8167.835232,14647.34911,-680.5071752,-14364.37166,10953.8869,8225.094424,-3295.229876,14877.81648,-12653.53865,10944.1574,-14947.54067
21545.44517,2124.482358,-20070.48579,-5665.580714,-4507.424924,8175.137424,14634.89754,-680.7113864,-14349.78284,10956.02922,8222.224182,-3282.123433,14871.69702,-12652.84465,10929.44731,-14946.76844
21545.45352,2114.996,-20064.04676,-5655.486631,-4504.400472,8183.360139,14622.38426,-680.9630783,-14334.80214,10959.00545,8219.531983,-3268.211675,14865.99109,-12652.69578,10914.17512,-14946.48418
21545.46185,2104.980341,-20058.06445,-5644.831139,-4501.375987,8192.478966,14609.84071,-681.2614215,-14319.46858,10962.80463,8217.023782,-3253.532708,14860.71114,-12653.09011,10898.38131,-14946.68652
21545.47018,2094.461348,-20052.55116,-5633.641857,-4498.358646,8202.468542,14597.2968,-681.605514,-14303.82,10967.41431,8214.704768,-3238.124553,14855.86794,-12654.02443,10882.10551,-14947.37296
21545.4785,2083.466319,-20047.51846,-5621.947813,-4495.355711,8213.301482,14584.78285,-681.9943504,-14287.8954,10972.82035,8212.579843,-3222.027164,14851.47157,-12655.49448,10865.38887,-14948.54004
21545.48681,2072.024628,-20042.97716,-5609.780235,-4492.374655,8224.947433,14572.3301,-682.4267835,-14271.73575,10979.00618,8210.653604,-3205.28351,14847.53136,-12657.49454,10848.27496,-14950.18302
21545.49512,2060.161546,-20038.93518,-5597.16599,-4489.421619,8237.379542,14559.96435,-682.9017695,-14255.3755,10985.95643,8208.929444,-3187.930548,14844.05407,-12660.01876,10830.80072,-14952.29697
21545.50342,2047.90748,-20035.40126,-5584.137398,-4486.503836,8250.565087,14547.71597,-683.4180216,-14238.85561,10993.65199,8207.411128,-3170.012732,14841.04716,-12663.05959,10813.01028,-14954.87549
21545.51172,2035.293085,-20032.38283,-5570.727037,-4483.628302,8264.470327,14535.61443,-683.9741846,-14222.21657,11002.07248,8206.101879,-3151.574862,14838.51684,-12666.60845,10794.94758,-14957.91126
21545.52002,2022.349433,-20029.8861,-5556.967927,-4480.80184,8279.060366,14523.68854,-684.568833,-14205.49863,11011.19619,8205.004429,-3132.662333,14836.46824,-12670.65578,10776.65659,-14961.39607
21545.52832,2009.108975,-20027.91634,-5542.894548,-4478.031323,8294.298099,14511.96739,-685.2004281,-14188.74312,11020.99943,8204.121132,-3113.322541,14834.90559,-12675.19076,10758.18277,-14965.32056
21545.53662,1995.600852,-20026.47733,-5528.53786,-4475.322721,8310.149701,14500.47632,-685.8675474,-14171.98658,11031.4602,8203.453713,-3093.598034,14833.8318,-12680.20302,10739.56654,-14969.67578
21545.54492,1981.85921,-20025.57249,-5513.934135,-4472.682825,8326.574998,14489.24418,-686.5684863,-14155.27121,11042.55189,8203.00378,-3073.538658,14833.2494,-12685.67975,10720.85486,-14974.45059
21545.55322,1967.917318,-20025.20398,-5499.118716,-4470.11801,8343.534218,14478.29816,-687.3015363,-14138.63748,11054.24763,8202.772422,-3053.192964,14833.15977,-12691.60766,10702.09302,-14979.63342
21545.56153,1953.807103,-20025.37305,-5484.12551,-4467.634213,8360.988745,14467.66363,-688.0650215,-14122.12368,11066.52096,8202.76034,-3032.607536,14833.56345,-12697.97344,10683.32411,-14985.21267
21545.56985,1939.567958,-20026.07967,-5468.996359,-4465.238452,8378.890108,14457.37066,-688.8568163,-14105.77619,11079.33799,8202.967768,-3011.839835,14834.45975,-12704.75963,10664.60072,-14991.17304
21545.57817,1925.229587,-20027.32311,-5453.762806,-4462.935861,8397.201369,14447.44131,-689.675286,-14089.62953,11092.67259,8203.394586,-2990.933178,14835.84745,-12711.95256,10645.96219,-14997.50258
21545.5865,1910.826175,-20029.10177,-5438.461151,-4460.732197,8415.879616,14437.90037,-690.5185197,-14073.72299,11106.49408,8204.04035,-2969.937411,14837.72449,-12719.53599,10627.45349,-15004.18705
21545.59485,1896.392669,-20031.41307,-5423.128503,-4458.633148,8434.880474,14428.77241,-691.3845268,-14058.09617,11120.77032,8204.904217,-2948.903476,14840.08789,-12727.4927,10609.12022,-15011.21131
21545.6032,1881.967533,-20034.25277,-5407.805705,-4456.644687,8454.154346,14420.08331,-692.271061,-14042.79186,11135.46483,8205.984682,-2927.887435,14842.93309,-12735.80278,10591.012,-15018.55784
21545.61156,1867.587141,-20037.61575,-5392.531375,-4454.772237,8473.653749,14411.85666,-693.1759546,-14027.84983,11150.54221,8207.279877,-2906.942285,14846.25478,-12744.44664,10573.1753,-15026.2094
21545.61994,1853.288567,-20041.49566,-5377.344875,-4453.021084,8493.329659,14404.11556,-694.0969515,-14013.30996,11165.96546,8208.787421,-2886.122035,14850.04651,-12753.40357,10555.65703,-15034.1477
21545.62833,1839.109611,-20045.88475,-5362.286337,-4451.396361,8513.131419,14396.88251,-695.0317032,-13999.21216,11181.69583,8210.50437,-2865.481737,14854.30052,-12762.65156,10538.50451,-15042.3533
21545.63673,1825.086439,-20050.77456,-5347.39415,-4449.902759,8533.010007,14390.1782,-695.9779188,-13985.594,11197.69543,8212.427482,-2845.074049,14859.00847,-12772.16888,10521.76257,-15050.80699
21545.64515,1811.25851,-20056.15426,-5332.710205,-4448.545072,8552.911069,14384.0239,-696.9330393,-13972.49552,11213.92161,8214.55256,-2824.956414,14864.15976,-12781.93073,10505.4795,-15059.48679
21545.65357,1797.663939,-20062.01197,-5318.274963,-4447.327632,8572.781339,14378.43896,-697.8945345,-13959.95455,11230.332,8216.874962,-2805.1843,14869.74288,-12791.91217,10489.70135,-15068.37061
21545.66201,1784.337665,-20068.33584,-5304.125505,-4446.254217,8592.571486,14373.44037,-698.8600478,-13948.00521,11246.88703,8219.390051,-2785.80854,14875.74641,-12802.08972,10474.46997,-15077.43761
21545.67047,1771.317923,-20075.11117,-5290.302416,-4445.328603,8612.226589,14369.04528,-699.8269333,-13936.68382,11263.54199,8222.092034,-2766.88475,14882.15625,-12812.43651,10459.83043,-15086.66391
21545.67894,1758.641896,-20082.32208,-5276.845165,-4444.554137,8631.692381,14365.26908,-700.7925553,-13926.02474,11280.25211,8224.974625,-2748.467,14888.95726,-12822.92532,10445.82594,-15096.0253
21545.68742,1746.346083,-20089.95132,-5263.792487,-4443.933758,8650.914705,14362.12551,-701.7542621,-13916.06073,11296.97211,8228.03097,-2730.608346,14896.13305,-12833.52831,10432.49823,-15105.49701
21545.69591,1734.467266,-20097.97944,-5251.183419,-4443.470011,8669.837885,14359.62674,-702.7093004,-13906.82359,11313.6547,8231.253327,-2713.362235,14903.66523,-12844.21606,10419.88853,-15115.0528
21545.70441,1723.038178,-20106.3878,-5239.052699,-4443.164878,8688.41164,14357.78248,-703.6551666,-13898.34082,11330.25671,8234.634243,-2696.776219,14911.5362,-12854.96145,10408.03298,-15124.66848
21545.71292,1712.093162,-20115.15469,-5227.436771,-4443.020006,8706.58209,14356.60121,-704.5891533,-13890.64002,11346.73114,8238.165034,-2680.900162,14919.72558,-12865.7346,10396.96863,-15134.31737
21545.72144,1701.664655,-20124.25753,-5216.370058,-4443.036514,8724.297201,14356.08919,-705.5086191,-13883.746,11363.0319,8241.83663,-2665.781148,14928.21218,-12876.50588,10386.72965,-15143.97296
21545.72997,1691.782896,-20133.67333,-5205.884646,-4443.215051,8741.50744,14356.2507,-706.4110274,-13877.68077,11379.11447,8245.639786,-2651.463045,14936.9745,-12887.24635,10377.3471,-15153.60937
21545.73851,1682.479386,-20143.37515,-5196.013957,-4443.555678,8758.159601,14357.08774,-707.2936189,-13872.46548,11394.93006,8249.563646,-2637.991523,14945.98741,-12897.92385,10368.85213,-15163.19778
21545.74705,1673.782717,-20153.33564,-5186.788327,-4444.057855,8774.203832,14358.59975,-708.153776,-13868.11761,11410.43206,8253.597164,-2625.408007,14955.22546,-12908.50723,10361.27184,-15172.71024
21545.7556,1665.715156,-20163.53186,-5178.231378,-4444.720821,8789.600427,14360.78496,-708.9893954,-13864.64981,11425.58283,8257.731064,-2613.744741,14964.66733,-12918.97113,10354.62668,-15182.12398
21545.76415,1658.302997,-20173.93298,-5170.371003,-4445.542909,8804.300494,14363.63821,-709.7978475,-13862.0748,11440.33493,8261.952856,-2603.039764,14974.28444,-12929.28306,10348.93926,-15191.40979
21545.77271,1651.56832,-20184.50952,-5163.230617,-4446.521982,8818.261051,14367.15223,-710.5767847,-13860.40114,11454.64563,8266.250583,-2593.324978,14984.04951,-12939.41332,10344.22715,-15200.54094
21545.78126,1645.530117,-20195.23249,-5156.830363,-4447.655455,8831.443179,14371.31781,-711.324045,-13859.63405,11468.47526,8270.612469,-2584.627792,14993.93577,-12949.33391,10340.50398,-15209.4922
21545.78982,1640.205622,-20206.07161,-5151.188512,-4448.940161,8843.809423,14376.12332,-712.0375113,-13859.77592,11481.78458,8275.026192,-2576.973036,15003.9153,-12959.01674,10337.78049,-15218.23822
21545.79837,1635.609825,-20216.99541,-5146.32095,-4450.37229,8855.324451,14381.55443,-712.7151399,-13860.82577,11494.53537,8279.478931,-2570.382251,15013.95914,-12968.4339,10336.06399,-15226.75377
21545.80692,1631.75483,-20227.97306,-5142.240505,-4451.947652,8865.956826,14387.59518,-713.3550706,-13862.77964,11506.69237,8283.958108,-2564.872785,15024.03895,-12977.55919,10335.35815,-15235.01516
21545.81547,1628.6503,-20238.97296,-5138.957402,-4453.661463,8875.677707,14394.22708,-713.9555432,-13865.63021,11518.22183,8288.450821,-2560.458406,15034.12575,-12986.367,10335.66311,-15242.99916
21545.82401,1626.303044,-20249.96468,-5136.478846,-4455.508669,8884.462379,14401.43042,-714.5149977,-13869.36751,11529.09337,8292.944619,-2557.148738,15044.19166,-12994.83374,10336.97565,-15250.68436
21545.83254,1624.717704,-20260.91556,-5134.80973,-4457.483373,8892.287607,14409.18202,-715.031903,-13873.97769,11539.27669,8297.426135,-2554.950219,15054.20682,-13002.93529,10339.28877,-15258.04883
21545.84106,1623.895963,-20271.79654,-5133.951815,-4459.579896,8899.135731,14417.45939,-715.5050311,-13879.44556,11548.74694,8301.883457,-2553.86501,15064.14471,-13010.65128,10342.59295,-15265.074
21545.84958,1623.837205,-20282.57552,-5133.904408,-4461.791511,8904.99027,14426.23578,-715.9331549,-13885.7514,11557.47878,8306.303403,-2553.891882,15073.97606,-13017.96028,10346.87441,-15271.7403
21545.85808,1624.538342,-20293.22465,-5134.664204,-4464.111942,8909.840093,14435.48607,-716.3153499,-13892.87514,11565.45245,8310.674539,-2555.026049,15083.67553,-13024.84486,10352.11777,-15278.03179
21545.86657,1625.993738,-20303.7119,-5136.225178,-4466.533582,8913.674931,14445.17972,-716.650663,-13900.79116,11572.64697,8314.983677,-2557.25896,15093.21401,-13031.28586,10358.30254,-15283.93087
21545.87506,1628.196101,-20314.01211,-5138.579558,-4469.049956,8916.490269,14455.29059,-716.9385009,-13909.47605,11579.04837,8319.220464,-2560.579721,15102.5687,-13037.26954,10365.40883,-15289.42487
21545.88353,1631.135341,-20324.09565,-5141.716595,-4471.653158,8918.282606,14465.78671,-717.1782436,-13918.90037,11584.64144,8323.372671,-2564.973311,15111.71273,-13042.78033,10373.41119,-15294.49944
21545.89198,1634.799486,-20333.93579,-5145.623538,-4474.335553,8919.052342,14476.6371,-717.3694867,-13929.03425,11589.41495,8327.429271,-2570.421989,15120.62196,-13047.80549,10382.28283,-15299.14274
21545.90042,1639.174734,-20343.50694,-5150.285697,-4477.089409,8918.802724,14487.81026,-717.5119678,-13939.8463,11593.36017,8331.379681,-2576.90536,15129.2733,-13052.33385,10391.99499,-15303.34435
21545.90886,1644.245717,-20352.78475,-5155.686716,-4479.906965,8917.539591,14499.27452,-717.6055567,-13951.30402,11596.47069,8335.213817,-2584.40075,15137.6448,-13056.35574,10402.5173,-15307.09521
21545.91727,1649.994195,-20361.74391,-5161.807186,-4482.77976,8915.271814,14510.99527,-717.6502404,-13963.37099,11598.74181,8338.921195,-2592.881292,15145.71372,-13059.86218,10413.81518,-15310.38679
21545.92568,1656.402253,-20370.36344,-5168.62805,-4485.700276,8912.010182,14522.94166,-717.6461569,-13976.01371,11600.17206,8342.493105,-2602.320631,15153.46125,-13062.84691,10425.85623,-15313.21313
21545.93407,1663.448806,-20378.62082,-5176.126877,-4488.660106,8907.768543,14535.07914,-717.5935524,-13989.19401,11600.76141,8345.920177,-2612.687775,15160.8672,-13065.30407,10438.6032,-15315.56849
21545.94245,1671.112265,-20386.49584,-5184.280702,-4491.651238,8902.562637,14547.37471,-717.4927921,-14002.87455,11600.51216,8349.194006,-2623.951013,15167.91354,-13067.22956,10452.0191,-15317.44882
21545.95081,1679.36968,-20393.96939,-5193.065116,-4494.665637,8896.410442,14559.79521,-717.3443543,-14017.017,11599.42867,8352.306617,-2636.076668,15174.58325,-13068.62064,10466.06556,-15318.85123
21545.95917,1688.197341,-20401.02359,-5202.454901,-4497.695384,8889.331544,14572.30789,-717.1488077,-14031.58286,11597.51691,8355.250536,-2649.029956,15180.86043,-13069.47573,10480.70368,-15319.7739
21545.96751,1697.570054,-20407.64146,-5212.423263,-4500.732485,8881.347843,14584.87963,-716.9068339,-14046.53243,11594.7849,8358.018661,-2662.773944,15186.73005,-13069.79453,10495.89299,-15320.21614
21545.97585,1707.46151,-20413.80698,-5222.942222,-4503.768939,8872.483118,14597.47724,-716.619212,-14061.82527,11591.24236,8360.60427,-2677.270079,15192.17797,-13069.57787,10511.59187,-15320.17828
21545.98417,1717.844923,-20419.50569,-5233.983292,-4506.79698,8862.762575,14610.06842,-716.2868058,-14077.42126,11586.90067,8363.001276,-2692.479123,15197.19146,-13068.82784,10527.7587,-15319.66182
21545.99249,1728.69412,-20424.72481,-5245.518638,-4509.809298,8852.21157,14622.62272,-715.9105121,-14093.28204,11581.77207,8365.204293,-2708.362752,15201.75933,-13067.5474,10544.35337,-15318.66902
21546.0008,1739.979354,-20429.45119,-5257.516629,-4512.797871,8840.859664,14635.1067,-715.4914047,-14109.36481,11575.87157,8367.207765,-2724.877427,15205.87013,-13065.74086,10561.33087,-15317.20334
21546.00911,1751.673141,-20433.67417,-5269.948036,-4515.755586,8828.734958,14647.49062,-715.0305319,-14125.63088,11569.2142,8369.007159,-2741.982925,15209.5146,-13063.41316,10578.65015,-15315.26888
21546.01741,1763.745151,-20437.38321,-5282.780608,-4518.674853,8815.869137,14659.74272,-714.5290998,-14142.03832,11561.81759,8370.597992,-2759.634881,15212.68368,-13060.57065,10596.26649,-15312.87091
21546.02571,1776.165875,-20440.56942,-5295.982965,-4521.54856,8802.293737,14671.83316,-713.9883322,-14158.5471,11553.69995,8371.976443,-2777.790138,15215.36976,-13057.22037,10614.13686,-15310.0154
21546.02708,1778.248588,-20441.04474,-5298.196659,-4522.018272,8799.985792,14673.81226,-713.8953304,-14161.28045,11552.29131,8372.183415,-2780.833804,15215.76641,-13056.61877,10617.10953,-15309.50026