MSC.A1ModJulian,D3.Hellas_Planitia_GS.X,D3.Hellas_Planitia_GS.Y,D3.Hellas_Planitia_GS.Z,D3.Valles_Marineris_GS.X,D3.Valles_Marineris_GS.Y,D3.Valles_Marineris_GS.Z,D3.Schiaparelli_Crater_GS.X,D3.Schiaparelli_Crater_GS.Y,D3.Schiaparelli_Crater_GS.Z,D3.Mawrth_Vallis_GS.X,D3.Mawrth_Vallis_GS.Y,D3.Mawrth_Vallis_GS.Z,D3.Arcadia_Planitia_GS.X,D3.Arcadia_Planitia_GS.Y,D3.Arcadia_Planitia_GS.Z
30988.50043,8260.302831,-4079.265439,5481.638068,11008.52002,2970.519004,2395.808223,11881.94207,-1664.144081,1012.075527,12673.23889,884.8536754,-4633.499149,5096.291392,801.3557877,-15080.33427
30988.50112,8303.948961,-4164.276622,5401.438316,10957.77214,2941.545428,2506.031044,11858.76858,-1785.777634,1027.312131,12687.39242,795.5448062,-4547.548643,5050.11793,916.6463298,-15092.16594
30988.50296,8418.456293,-4383.822947,5184.245315,10820.22712,2859.459,2793.830461,11793.6439,-2106.850223,1061.319264,12718.87296,556.2911617,-4323.379094,4929.707577,1222.267453,-15116.29876
30988.50752,8698.80058,-4899.679408,4609.05577,10455.13915,2619.959651,3490.174238,11606.46706,-2905.868771,1106.904501,12760.03046,-61.15106555,-3782.440118,4639.127997,1990.951031,-15131.55936
30988.5153,9154.434248,-5669.155278,3525.828666,9763.936863,2101.802342,4597.797148,11207.32826,-4251.68074,1056.362676,12706.3112,-1172.936355,-2925.629856,4177.867994,3312.118879,-15009.77743
30988.52357,9597.26517,-6325.063684,2248.967758,8941.93325,1410.074394,5647.802551,10675.59822,-5638.108258,828.8308243,12476.96554,-2417.095936,-2115.595075,3737.997502,4709.5588,-14677.56596
30988.5319,9985.70956,-6806.314701,856.6491542,8034.728448,584.168259,6551.075037,10033.7502,-6959.974668,426.6579953,12067.78667,-3707.432195,-1416.561691,3350.489145,6080.274113,-14137.17769
30988.54023,10302.37086,-7101.634511,-618.0192008,7058.773892,-351.5124221,7281.930216,9290.900847,-8181.476328,-137.4727186,11483.13497,-5007.723159,-842.4878912,3018.750998,7386.669411,-13398.6548
30988.54857,10532.99286,-7208.672402,-2146.994422,6026.826316,-1372.704034,7824.756835,8454.855243,-9276.80089,-847.1914641,10729.98117,-6287.681348,-398.7816395,2741.142543,8600.103289,-12475.11779
30988.5569,10664.50243,-7129.960486,-3702.552399,4951.137873,-2453.39433,8168.637351,7533.910919,-10223.85695,-1682.773495,9817.892991,-7518.102619,-86.67653898,2513.474633,9694.853936,-11382.90019
30988.56525,10685.11511,-6872.39099,-5257.260624,3843.649685,-3566.146955,8306.970645,6536.975343,-11004.0071,-2621.586463,8758.907616,-8670.913012,96.25176748,2329.442678,10647.95557,-10141.28265
30988.57359,10584.66535,-6447.122474,-6783.791794,2716.357574,-4682.225561,8237.530595,5473.94057,-11602.08312,-3638.199973,7567.829247,-9719.255286,155.8477071,2180.964977,11439.24059,-8772.683636
30988.58194,10354.93958,-5869.136645,-8256.401978,1580.495151,-5772.937835,7962.60226,4354.978854,-12007.1823,-4705.552597,6261.349686,-10638.79593,101.2725375,2058.360304,12052.36046,-7301.468347
30988.5903,9990.043008,-5157.15297,-9650.435351,447.1536775,-6809.584817,7488.99963,3191.147594,-12212.52471,-5794.924254,4858.565761,-11407.6099,-55.32137765,1950.780049,12474.64648,-5754.374196
30988.59867,9486.486499,-4332.797394,-10943.7663,-673.58145,-7764.85017,6827.745438,1993.538434,-12215.86405,-6877.309294,3379.798811,-12007.29036,-299.1817506,1846.484853,12697.79702,-4159.017628
30988.60704,8843.480903,-3420.366065,-12116.49091,-1772.166,-8612.904652,5993.967458,773.7106527,-12019.32665,-7923.570912,1846.885622,-12422.91983,-613.3464131,1733.283338,12717.75767,-2544.069603
30988.61542,8063.301203,-2446.491418,-13151.17849,-2839.491235,-9329.949826,5006.873933,-456.1873906,-11629.56284,-8904.960508,283.1275235,-12643.49895,-978.9910911,1598.951389,12534.98179,-939.0031016
30988.6238,7151.076358,-1439.073481,-14033.76502,-3867.469917,-9895.225077,3888.961691,-1684.122755,-11057.52981,-9794.318153,-1287.844526,-12662.44956,-1376.095304,1431.593297,12154.46874,627.2679961
30988.6322,6114.943433,-426.8341873,-14753.45295,-4848.773168,-10291.27327,2665.711798,-2897.978859,-10318.25352,-10566.4415,-2842.088004,-12477.64157,-1783.923404,1220.074265,11585.61245,2126.538738
30988.64061,4965.913929,561.4449489,-15302.92574,-5776.919372,-10504.40666,1364.941421,-4085.76782,-9430.432309,-11198.75129,-4355.884665,-12091.45253,-2181.619875,954.3905965,10841.95486,3531.98186
30988.64902,3717.924613,1497.455841,-15678.32615,-6646.116789,-10525.00893,16.39012727,-5235.557399,-8416.137085,-11671.72943,-5805.912198,-11510.78118,-2548.716778,626.0703056,9940.987854,4818.443456
30988.65744,2387.498821,2354.185367,-15879.3462,-7451.374016,-10347.83835,-1349.112971,-6335.753324,-7300.193807,-11969.49923,-7169.86352,-10746.87574,-2865.754,228.4701382,8903.671664,5963.134051
30988.66588,993.5898159,3106.490586,-15909.10189,-8188.385151,-9972.1695,-2700.230421,-7375.112642,-6109.683718,-12080.17351,-8426.709707,-9815.130182,-3114.789608,-242.9152389,7754.021311,6945.951812
30988.67432,-442.7990262,3731.755205,-15773.98546,-8853.520409,-9401.837072,-4005.887807,-8342.907044,-4873.259993,-11996.1761,-9557.131056,-8734.711682,-3279.921786,-790.2394591,6518.506474,7749.919775
30988.68278,-1898.875982,4210.399978,-15483.44281,-9443.716646,-8645.222352,-5235.879075,-9228.953797,-3620.570992,-11714.45394,-10543.76291,-7528.214692,-3347.734349,-1413.089047,5225.533382,8361.438318
30988.69124,-3350.521113,4526.420209,-15049.69986,-9956.447439,-7715.10908,-6361.61073,-10023.7613,-2381.528578,-11236.61479,-11371.5531,-6221.142557,-3307.719857,-2108.375855,3904.758232,8770.589365
30988.69971,-4772.832597,4667.822569,-14487.38489,-10389.68907,-6628.371463,-7356.832183,-10718.67496,-1185.527042,-10568.90375,-12028.07076,-4841.255215,-3152.612833,-2870.332713,2586.31782,8971.336288
30988.70819,-6140.473392,4626.935612,-13813.18222,-10741.81157,-5405.728029,-8198.149664,-11305.89834,-60.86456912,-9722.165686,-12503.64963,-3418.076627,-2878.660699,-3690.462584,1300.256212,8961.59651
30988.71668,-7428.475958,4400.643552,-13045.26019,-11011.60076,-4071.052246,-8865.77029,-11778.71345,966.17461,-8711.473178,-12791.66485,-1981.926295,-2485.745427,-4557.805027,75.54625877,8743.272058
30988.72518,-8612.579941,3990.459213,-12202.85802,-11198.142,-2650.962528,-9343.831384,-12131.46034,1871.793105,-7555.869602,-12888.53107,-563.38599,-1977.458905,-5459.023533,-1060.427161,8322.125475
30988.73368,-9669.793431,3402.526468,-11305.7815,-11300.78901,-1174.189872,-9620.810949,-12359.62766,2635.288095,-6277.931168,-12793.76398,807.4515714,-1361.070108,-6378.674594,-2082.555561,7707.628096
30988.74219,-10578.69516,2647.720967,-10374.14849,-11319.13955,328.6986437,-9689.826307,-12459.9088,3239.427163,-4903.619183,-12510.06488,2101.375671,-647.5934122,-7299.289525,-2968.406174,6912.951688
30988.7507,-11320.50097,1741.086169,-9427.39805,-11253.06807,1826.827158,-9548.956023,-12430.3744,3671.286612,-3460.97437,-12043.18357,3291.503832,148.7832089,-8202.261924,-3699.322539,5954.306271
30988.75922,-11879.1245,701.6680123,-8484.122886,-11102.6711,3289.238302,-9201.173367,-12270.41421,3922.286283,-1979.88346,-11401.78667,4353.444403,1010.821854,-9067.961508,-4260.507973,4850.742264
30988.76774,-12241.63194,-447.8263329,-7561.669502,-10868.31893,4685.584606,-8654.396258,-11980.82946,3988.474115,-491.4517393,-10597.3719,5265.895705,1918.576578,-9876.186059,-4641.439026,3623.821829
30988.77626,-12398.69762,-1681.362442,-6675.824466,-10550.77136,5986.763045,-7921.524783,-11563.98214,3870.764346,972.5786951,-9644.239323,6011.182474,2849.752349,-10606.62956,-4836.224428,2297.355348
30988.78477,-12345.08876,-2970.531919,-5840.16979,-10151.18896,7166.104012,-7020.059657,-11023.77262,3575.022031,2381.074611,-8559.021944,6576.049281,3780.547341,-11239.70979,-4843.954597,896.5340677
30988.79328,-12079.6804,-4285.804211,-5065.521206,-9670.975223,8200.400208,-5971.208203,-10365.32963,3111.664623,3704.787557,-7359.831809,6952.071176,4686.645448,-11757.28953,-4668.583006,-553.2311668
30988.80179,-11605.46121,-5596.546567,-4360.243462,-9112.022231,9069.725495,-4799.80257,-9595.222747,2495.46659,4916.225312,-6066.451787,7135.425998,5543.322275,-12142.76967,-4318.709964,-2026.09911
30988.81028,-10929.40136,-6872.301108,-3729.82676,-8476.570587,9758.307635,-3533.276753,-8721.133664,1744.983693,5990.830121,-4699.459265,7127.103559,6326.453161,-12381.75797,-3807.269677,-3496.930583
30988.81878,-10062.45603,-8083.092297,-3177.102798,-7767.437712,10254.56176,-2201.369962,-7752.012728,882.2453375,6907.12725,-3280.236509,6932.746542,7012.853486,-12462.33099,-3151.263242,-4941.325554
30988.82726,-9019.511855,-9200.162373,-2702.253797,-6988.142081,10551.44922,-835.4944818,-6698.072879,-67.71448906,7647.293985,-1830.638312,6562.600565,7580.935079,-12375.49547,-2371.422512,-6336.089944
30988.83574,-7818.888643,-10196.99374,-2302.786737,-6142.782894,10646.75753,532.3603981,-5570.437188,-1077.718819,8197.813563,-372.2236835,6031.185113,8011.477982,-12115.52505,-1491.505241,-7660.06267
30988.8442,-6481.930322,-11049.86052,-1973.780164,-5236.084474,10543.00965,1870.351048,-4381.014641,-2119.143804,8549.655334,1074.089993,5356.829431,8288.074786,-11680.10659,-537.6525918,-8894.429112
30988.85266,-5032.89136,-11738.17972,-1708.222603,-4273.652849,10247.37805,3147.200833,-3142.650731,-3162.388821,8698.358764,2488.036524,4561.343667,8397.508118,-11070.57906,462.0504344,-10022.74117
30988.86111,-3498.059886,-12245.24801,-1497.222758,-3261.738901,9771.448316,4333.315451,-1868.634305,-4177.916655,8644.208931,3850.757504,3669.262206,8330.210003,-10291.86987,1478.558337,-11031.53774
30988.86955,-1905.515447,-12558.44788,-1330.433867,-2207.449866,9130.928386,5401.172806,-572.8022922,-5136.759357,8392.116591,5144.784592,2707.365744,8080.491015,-9352.56669,2482.383819,-11910.26092
30988.87797,-284.5341216,-12669.5915,-1196.42433,-1118.728726,8345.263195,6326.001659,730.6509169,-6011.266884,7951.505383,6354.346891,1704.002042,7646.771929,-8264.82352,3444.35511,-12651.42079
30988.88639,1335.220468,-12575.10033,-1083.074761,-4.186396177,7437.022013,7086.445598,2027.51413,-6775.891658,7335.976021,7465.737087,688.2434522,7031.606949,-7044.01274,4336.457746,-13250.71667
30988.8948,2923.878659,-12276.06036,-978.0355792,1126.65479,6431.540881,7664.804387,3303.392882,-7407.591741,6563.071498,8467.170579,-310.5727461,6241.803081,-5708.745421,5132.27699,-13706.81524
30988.9032,4452.434615,-11778.14182,-869.1162133,2263.750724,5356.025793,8047.622543,4544.261539,-7886.600227,5653.640107,9349.223608,-1263.855749,5288.124111,-4280.164053,5807.89156,-14021.40996
30988.91159,5892.90386,-11091.49333,-744.7263946,3396.322445,4239.13236,8225.782535,5736.29572,-8196.710435,4631.487088,10104.62031,-2144.191137,4185.265983,-2781.866823,6342.225176,-14198.90256
30988.91998,7219.009694,-10230.50243,-594.2620908,4513.041879,3110.205117,8194.758313,6866.144177,-8325.739268,3522.751077,10728.35189,-2926.088008,2951.53274,-1239.359563,6717.635634,-14246.2297
30988.92835,8406.814652,-9213.347761,-408.4517614,5602.256019,1998.460867,7954.660414,7921.193451,-8265.813835,2355.151105,11217.69815,-3586.657704,1608.328495,320.6042478,6920.35897,-14172.56913
30988.93672,9435.020484,-8061.627211,-179.6870654,6652.000623,932.4123532,7510.163422,8889.590423,-8013.512139,1157.423297,11572.06899,-4106.056757,179.8164462,1870.404632,6940.767921,-13988.98539
30988.94508,10285.4075,-6799.818154,97.71271138,7650.185245,-60.83709759,6870.355792,9760.419778,-7569.941666,-41.39790879,11792.91102,-4467.974239,-1307.63619,3382.162777,6773.604667,-13708.06802
30988.95343,10943.17191,-5454.658538,427.2982496,8584.777699,-956.2446179,6048.457163,10523.84854,-6940.678606,-1212.696151,11883.5522,-4660.003558,-2826.070896,4828.345826,6418.076612,-13343.528
30988.96178,11397.08556,-4054.756871,810.2758749,9443.821908,-1731.261537,5061.630957,11171.12033,-6135.752007,-2328.745673,11849.01476,-4673.904583,-4346.28406,6182.09037,5877.942204,-12909.86376
30988.97013,11639.85786,-2629.532818,1245.517094,10215.88797,-2366.603967,3930.308326,11694.87478,-5169.210758,-3363.693108,11695.82701,-4505.832417,-5838.906641,7418.17263,5161.301871,-12421.84308
30988.97847,11668.09773,-1209.03077,1729.392828,10889.96161,-2846.43382,2678.051434,12089.01706,-4059.090833,-4293.771011,11431.81832,-4156.431487,-7274.517203,8513.068133,4280.610497,-11894.25818
30988.9868,11482.42913,177.3327062,2255.990422,11455.9368,-3158.963583,1330.543076,12348.99568,-2826.610258,-5098.248663,11065.81628,-3630.742868,-8624.87846,9445.930115,3252.097953,-11341.34587
30988.99514,11087.35857,1501.03442,2817.099007,11904.57665,-3296.532223,-84.69788355,12471.70351,-1495.948383,-5759.604527,10607.44022,-2938.122599,-9863.134641,10198.67299,2095.589495,-10776.56613
30989.00347,10491.18889,2735.162454,3402.392703,12227.74509,-3255.828073,-1538.989579,12455.56095,-93.6660832,-6263.988083,10066.86261,-2092.041857,-10964.48936,10756.44086,834.0393979,-10212.25649
30989.01181,9705.851584,3855.018987,3999.647277,12418.58952,-3037.982586,-3003.116662,12300.5555,1351.870478,-6601.543602,9454.58429,-1109.808408,-11906.76272,11107.94955,-506.9619825,-9659.352067
30989.01417,9450.399841,4149.074379,4169.544331,12447.8735,-2944.491689,-3416.627335,12231.40292,1766.164783,-6666.098426,9269.117078,-808.8657154,-12142.61137,11169.03572,-898.4539735,-9505.756241