MSC.A1ModJulian,MSC.Hellas_Planitia_GS.X,MSC.Hellas_Planitia_GS.Y,MSC.Hellas_Planitia_GS.Z,MSC.Valles_Marineris_GS.X,MSC.Valles_Marineris_GS.Y,MSC.Valles_Marineris_GS.Z,MSC.Schiaparelli_Crater_GS.X,MSC.Schiaparelli_Crater_GS.Y,MSC.Schiaparelli_Crater_GS.Z,MSC.Mawrth_Vallis_GS.X,MSC.Mawrth_Vallis_GS.Y,MSC.Mawrth_Vallis_GS.Z,MSC.Arcadia_Planitia_GS.X,MSC.Arcadia_Planitia_GS.Y,MSC.Arcadia_Planitia_GS.Z
30988.50043,9404.593716,4.03016076,5278.099916,12405.67735,-4.795240883,-291.1210497,12766.29382,-0.136002896,-2792.281379,11631.40741,-3.080054829,-8652.241892,8603.310556,1.226646491,-12825.39695
30988.50112,9450.394956,-82.73669386,5227.908028,12378.55628,-15.48118833,-184.8397048,12764.40713,-106.2113647,-2762.44978,11666.38101,-71.84142656,-8573.538731,8564.641644,98.40957818,-12860.11956
30988.50296,9570.294084,-308.8482051,5089.82895,12302.72398,-48.14682946,93.99800149,12755.111,-387.250482,-2688.296933,11753.35486,-256.7441488,-8366.621886,8462.506529,356.8923374,-12945.69484
30988.50752,9862.409537,-853.2578526,4710.891604,12087.20652,-157.5417747,777.2928035,12704.74492,-1093.327209,-2532.650771,11936.14277,-738.3884908,-7856.804153,8207.857691,1012.59713,-13120.37171
30988.5153,10333.92264,-1711.214155,3956.026432,11635.53287,-433.9564682,1894.351835,12530.0744,-2305.582862,-2364.836914,12133.57907,-1620.754424,-7013.783205,7776.563902,2158.78919,-13289.08591
30988.52357,10790.47342,-2515.130183,3014.130417,11044.4853,-846.6330116,2999.905335,12223.23751,-3588.51632,-2322.168801,12182.51857,-2629.74223,-6164.409179,7326.53413,3399.498533,-13287.97606
30988.5319,11192.56671,-3199.136507,1937.30775,10342.27254,-1376.084868,4007.70923,11791.31833,-4850.717083,-2419.049014,12061.96838,-3699.665686,-5370.795818,6887.181379,4648.608873,-13098.81149
30988.54023,11525.75711,-3747.704882,749.7216286,9541.308548,-2007.42236,4892.114992,11239.93581,-6060.784658,-2651.466038,11770.94502,-4802.832584,-4649.247415,6464.703164,5874.649363,-12723.79046
30988.54857,11778.54884,-4153.632693,-527.0497427,8652.187638,-2724.572145,5636.4176,10574.90763,-7195.383308,-3010.979062,11312.24501,-5915.529549,-4008.68052,6061.112818,7053.077779,-12169.49137
30988.5569,11940.27451,-4413.733277,-1870.81064,7685.662793,-3509.395224,6227.504154,9802.926221,-8233.637268,-3485.925653,10691.25149,-7014.190255,-3454.773892,5676.437322,8161.072437,-11445.70034
30988.56525,12001.12351,-4528.403834,-3258.79647,6652.715249,-4341.965466,6655.526075,8931.564665,-9156.919926,-4061.803052,9915.745281,-8075.446333,-2990.357849,5309.017242,9177.408137,-10565.12051
30988.57359,11952.39195,-4501.512856,-4667.482235,5564.877927,-5200.65467,6913.898454,7969.595125,-9948.810836,-4721.361134,8996.144396,-9076.155442,-2615.646008,4955.802992,10082.43739,-9543.526057
30988.58194,11786.79263,-4340.351815,-6073.889344,4433.452442,-6063.145116,6999.709726,6926.364532,-10596.01118,-5445.362943,7944.878077,-9994.570564,-2328.018188,4612.290683,10859.14123,-8398.926826
30988.5903,11498.75313,-4055.466292,-7455.113245,3270.085969,-6906.398545,6913.639491,5812.335982,-11088.12751,-6212.609894,6776.809859,-10810.19405,-2122.394861,4272.957212,11492.92901,-7151.901635
30988.59867,11084.52837,-3660.287123,-8789.692565,2085.883956,-7707.766514,6660.014452,4638.287337,-11418.32671,-7000.917547,5508.309584,-11504.85564,-1991.234585,3931.26001,11972.47909,-5824.450907
30988.60704,10542.46298,-3170.878555,-10057.32783,891.8375328,-8445.101789,6246.680882,3415.703249,-11583.16433,-7787.283568,4157.499695,-12062.68174,-1924.920969,3580.057453,12289.61126,-4440.132028
30988.61542,9873.342303,-2605.72097,-11239.08503,-301.0667131,-9097.20216,5685.058042,2156.913798,-11582.7692,-8548.285939,2744.27336,-12470.48115,-1912.013184,3211.951718,12439.55392,-3023.907817
30988.6238,9080.259961,-1985.035787,-12318.362,-1482.520073,-9644.695628,4989.725514,874.3853227,-11420.94465,-9261.028522,1289.327732,-12718.35817,-1939.557049,2819.420845,12421.2384,-1601.004968
30988.6322,8168.793691,-1330.404233,-13280.83028,-2642.660046,-10070.30996,4178.192324,-419.0943537,-11105.00524,-9903.485565,-185.8393373,-12799.78572,-1993.502494,2395.212777,12237.21535,-196.78224
30988.64061,7146.941362,-664.1966834,-14114.74406,-3772.226267,-10359.33391,3270.463191,-1710.645214,-10645.58763,-10455.08207,-1659.398563,-12711.78326,-2059.119855,1932.612135,11893.59215,1163.861214
30988.64902,6025.225138,-9.133448559,-14810.97115,-4862.428932,-10499.93205,2288.741435,-2987.220193,-10056.46671,-10897.10035,-3109.319609,-12455.00617,-2121.423821,1425.802048,11399.94128,2456.741582
30988.65744,4816.455177,612.3607371,-15363.22993,-5905.142431,-10483.50299,1256.826595,-4235.913861,-9354.185125,-11213.2242,-4513.941176,-12033.75311,-2165.624608,870.0785276,10769.05204,3659.039274
30988.66588,3535.657198,1178.652669,-15768.06523,-6892.830639,-10304.88941,199.6649082,-5443.98202,-8557.706455,-11389.90099,-5852.208157,-11455.89451,-2177.564367,262.1406343,10016.66935,4749.614091
30988.67432,2199.800925,1669.464847,-16024.85452,-7818.605075,-9962.529497,-857.2554751,-6599.028308,-7687.936832,-11416.7,-7104.088297,-10732.6873,-2144.146305,-399.7194061,9161.101357,5709.454711
30988.68278,827.6384368,2066.342644,-16135.70108,-8676.149305,-9458.549289,-1888.395953,-7689.037641,-6767.297203,-11286.58017,-8250.805553,-9878.582466,-2053.739972,-1115.3879,8222.858875,6521.949939
30988.69124,-560.6385558,2353.152023,-16105.32185,-9459.745786,-8798.764302,-2868.781516,-8702.541094,-5819.175088,-10996.11376,-9275.203283,-8910.905177,-1896.560202,-1882.805744,7224.166155,7173.239604
30988.69971,-1943.82807,2516.515376,-15940.84695,-10164.30289,-7992.54375,-3774.629475,-9628.790384,-4867.313179,-10545.58744,-10162.08494,-7849.412069,-1664.987056,-2697.925594,6188.383651,7652.496367
30988.70819,-3299.957117,2546.150398,-15651.5851,-10785.25749,-7052.710336,-4583.80509,-10457.77057,-3935.339113,-9939.078709,-10898.36692,-6715.953356,-1353.865154,-3554.593721,5139.565037,7952.055838
30988.71668,-4606.974529,2435.172642,-15248.68148,-11318.68661,-5995.094185,-5276.51236,-11180.48465,-3046.004438,-9184.287283,-11473.45193,-5533.748364,-960.6597573,-4444.747016,4101.674832,8067.610763
30988.72518,-5842.998819,2180.257929,-14744.79348,-11761.18391,-4838.277434,-5835.629354,-11788.92064,-2220.760824,-8292.424458,-11879.25938,-4326.977714,-485.617035,-5358.398553,3098.151108,7998.172463
30988.73368,-6986.791135,1781.75797,-14153.7278,-12109.85696,-3603.160783,-6247.133528,-12276.16426,-1479.217612,-7277.964482,-12110.36238,-3120.19467,68.1769803,-6283.802491,2151.32121,7746.056579
30988.74219,-8017.946724,1243.878731,-13490.24146,-12362.25985,-2312.826505,-6500.392837,-12636.40531,-838.8136969,-6158.625724,-12164.06501,-1938.047405,694.6384068,-7207.419522,1282.077188,7316.922034
30988.7507,-8917.950056,574.383451,-12769.32073,-12516.56765,-991.3281427,-6588.641367,-12865.2688,-313.9875869,-4954.40993,-12040.53512,-804.0360141,1385.084025,-8114.680724,508.855752,6719.458778
30988.75922,-9670.16907,-215.4559948,-12005.98588,-12571.43546,336.4532047,-6508.978927,-12959.68406,83.90637959,-3687.474242,-11742.6591,259.626437,2128.220591,-8989.969631,-152.4696629,5965.218821
30988.76774,-10260.26411,-1111.026172,-11214.96731,-12526.04322,1645.333367,-6262.522528,-12917.98592,346.9152919,-2381.696287,-11276.04442,1232.527751,2910.334563,-9816.942755,-688.9930772,5068.432019
30988.77626,-10676.58919,-2094.532602,-10410.45667,-12380.19092,2910.295218,-5854.542806,-12740.05911,470.7601537,-1062.282276,-10649.06635,2096.510219,3715.493942,-10578.85826,-1091.127635,4045.87572
30988.78477,-10910.74976,-3145.658521,-9605.543857,-12134.35659,4107.510699,-5294.344552,-12427.41311,455.0860323,245.2299836,-9872.618933,2836.456499,4526.166759,-11259.27513,-1353.064531,2916.272488
30988.79328,-10957.79201,-4242.519402,-8811.621771,-11789.56082,5215.330543,-4594.716002,-11982.96982,303.3545747,1516.086689,-8959.47868,3440.846012,5323.987064,-11842.68715,-1472.905141,1699.351093
30988.80179,-10816.12258,-5361.630162,-8038.623383,-11347.48896,6214.073982,-3771.861431,-11411.15788,22.67902071,2726.151962,-7924.412047,3901.526801,6089.765036,-12314.50169,-1452.465231,416.004344
30988.81028,-10487.58915,-6478.916703,-7294.530158,-10810.37784,7086.922673,-2844.723383,-10717.68892,-376.4379232,3852.98142,-6783.507659,4214.121488,6804.299776,-12661.66118,-1297.246922,-912.6512635
30988.81878,-9977.480238,-7569.933148,-6585.520311,-10181.17207,7819.945568,-1834.772644,-9909.663334,-880.3202772,4875.92823,-5554.179157,4377.916315,7448.617741,-12872.82523,-1016.25137,-2265.305763
30988.82726,-9294.574077,-8610.43837,-5915.910301,-9463.628649,8402.472876,-765.5753397,-8995.590734,-1472.39786,5776.652896,-4254.924457,4395.931827,8004.49738,-12938.7801,-621.8157643,-3620.835185
30988.83574,-8450.86455,-9577.269949,-5287.974508,-8662.189241,8827.520326,338.028742,-7985.098843,-2133.765819,6539.811458,-2904.671752,4274.860906,8455.132369,-12852.79447,-129.2114739,-4959.065328
30988.8442,-7461.280258,-10448.83608,-4702.051695,-7781.986343,9091.826659,1450.501284,-6888.811075,-2843.692153,7153.299734,-1522.456309,4024.795231,8785.52269,-12610.78125,443.8005043,-6261.101045
30988.85266,-6343.631296,-11205.41271,-4156.80597,-6829.067954,9195.821239,2545.933606,-5718.489536,-3579.976965,7608.351898,-127.4251744,3658.994777,8982.800318,-12211.52357,1077.297801,-7509.345725
30988.86111,-5117.981687,-11829.86423,-3649.218361,-5810.147848,9143.65707,3598.968532,-4486.585061,-4319.716991,7899.895886,1261.882571,3193.461074,9036.690911,-11656.72173,1749.871757,-8688.176087
30988.86955,-3806.477246,-12307.8564,-3174.9213,-4732.794363,8943.019557,4585.138992,-3206.335862,-5039.72385,8026.50643,2627.530055,2646.572785,8939.746247,-10951.09703,2439.044968,-9783.900592
30988.87797,-2432.905188,-12628.23581,-2728.419682,-3605.40051,8604.941272,5481.46094,-1891.59615,-5717.120386,7990.446989,3952.494618,2038.620828,8687.614962,-10102.39379,3121.846494,-10784.99586
30988.88639,-1022.047161,-12783.31413,-2303.306262,-2437.001557,8143.450834,6267.057235,-556.5019625,-6329.990701,7797.562135,5221.081961,1391.208275,8279.161514,-9121.171604,3775.473218,-11682.36213
30988.8948,400.4437099,-12768.96836,-1892.668577,-1237.525994,7575.304396,6923.393572,784.3499031,-6857.747765,7457.123974,6418.796223,726.8672138,7716.630727,-8020.884728,4377.680001,-12469.14365
30988.9032,1808.948794,-12584.76297,-1489.266921,-17.39018055,6919.422256,7434.899492,2116.461795,-7281.807457,6981.516599,7532.883437,68.31177943,7005.529108,-6817.375259,4907.511408,-13141.00281
30988.91159,3178.004779,-12233.92486,-1085.950823,1212.267845,6196.54831,7789.102743,3425.253204,-7585.886656,6385.977821,8552.142733,-561.9493753,6154.67841,-5528.87165,5345.646387,-13695.85571
30988.91998,4482.90026,-11723.28886,-675.9295366,2439.767293,5428.711667,7976.961191,4696.333856,-7756.458234,5688.211304,9467.133448,-1142.216214,5176.056324,-4175.600579,5674.928634,-14133.86188
30988.92835,5700.26192,-11063.06773,-253.0233143,3653.107568,4638.611788,7993.041395,5915.788374,-7783.085272,4907.869908,10270.31507,-1652.177633,4084.475066,-2779.28291,5880.806745,-14457.31542
30988.93672,6808.339943,-10266.63673,188.0268046,4839.956606,3849.147448,7835.561652,7070.195601,-7658.633706,4066.133479,10955.95631,-2073.330634,2897.381683,-1362.863282,5951.632667,-14670.39657
30988.94508,7787.445208,-9350.200733,651.3337278,5987.821663,3082.848059,7506.401474,8146.82222,-7379.448769,3185.175898,11520.14962,-2389.439408,1634.481639,49.96567225,5878.950315,-14778.96447
30988.95343,8620.31563,-8332.379559,1139.674886,7084.219787,2361.323773,7010.998579,9133.789801,-6945.42303,2287.60873,11960.76722,-2586.919237,317.2997942,1435.25355,5657.683072,-14790.29906
30988.96178,9292.286211,-7233.954998,1654.242631,8116.647347,1704.877628,6358.286749,10020.04834,-6360.088019,1396.098961,12277.31525,-2655.132795,-1031.034436,2769.021863,5286.304994,-14712.83067
30988.97013,9791.769818,-6077.088689,2194.668813,9073.058676,1131.825192,5560.306633,10795.78428,-5630.401202,532.5742742,12470.94812,-2586.691197,-2386.654607,4028.133475,4766.807398,-14555.84601
30988.97847,10110.22327,-4885.202796,2758.76578,9941.673963,658.2895182,4632.146399,11452.22928,-4766.810353,-281.981299,12544.23581,-2377.619973,-3724.984951,5190.287496,4104.803602,-14329.22082
30988.9868,10242.46781,-3681.986334,3342.719736,10711.52872,297.603419,3591.257408,11982.06672,-3782.727742,-1028.355466,12501.08936,-2027.425369,-5021.797512,6234.960192,3309.197166,-14043.05644
30988.99514,10186.60166,-2491.183824,3940.965779,11372.36833,60.16862004,2457.26195,12379.29192,-2694.431439,-1689.304229,12346.53807,-1539.124721,-6253.343837,7143.456801,2392.126219,-13707.43051
30989.00347,9944.050796,-1336.00636,4546.287467,11914.8756,-46.82809612,1251.47681,12639.33845,-1520.686304,-2249.9988,12086.58319,-919.2022736,-7396.934613,7899.368492,1368.69045,-13332.12133
30989.01181,9519.533742,-238.6196119,5149.932731,12330.84133,-19.5980767,-3.54950063,12759.14763,-282.3536692,-2698.371476,11728.03618,-177.4953898,-8431.427214,8488.921371,256.6447889,-12926.36049
30989.01417,9366.831886,59.56303836,5319.671079,12424.8984,12.73117656,-365.6958023,12767.35758,77.98029597,-2803.88871,11609.26728,53.59995833,-8702.592745,8624.429389,-72.56681188,-12806.78141